,loss,dkl,mse,traj_mse
0,44.152515938055124,1.397895919063162,42.754619878093465,42.13521812784133
1,23.910082321643085,2.292794395720531,21.61728793187372,20.79181076026
2,19.30247865638197,2.8421378440678398,16.460340800411803,15.440572168823337
3,17.63290821557484,3.250347778317337,14.382560460690216,13.177421563873054
4,16.221820521838207,3.3482914339175647,12.873529057792865,11.66413956313349
5,14.64279919593085,3.5285612089957534,11.114237999581324,9.832526379554022
6,12.888547330490326,3.715297887180227,9.173249420993228,7.835720727298636
7,11.218472302238952,3.8011289200805094,7.417343380670651,6.045766208547512
8,10.383440301868362,3.8090765688237087,6.57436374569088,5.196164724793338
9,10.052570067776161,3.8020231221655787,6.2505469441227905,4.87737381811633
10,9.969095032226276,3.818441449015077,6.150653587674574,4.7741330663053185
11,9.73549254412956,3.8320051913328363,5.903487349821141,4.50919643541952
12,9.75389909521094,3.8381445631036146,5.915754528015898,4.530142826520708
13,9.713458933064048,3.8399977010795365,5.8734612502099575,4.481078624725342
14,9.590066325088001,3.835315128570414,5.754751200980961,4.36853575520508
15,9.55181558492961,3.8301880448917145,5.721627528507512,4.341904588868949
16,9.535714752030634,3.838779056314001,5.69693571691766,4.307997953501209
17,9.477828196913887,3.844073830454286,5.633754359020644,4.2464070669760385
18,9.429448995128995,3.8388368116340104,5.5906121875864105,4.195999734673225
19,9.443174747520601,3.846938578089388,5.5962361634800475,4.206962862922324
20,9.41874848364296,3.850500638696965,5.5682478486654725,4.181048309189295
21,9.384731868499898,3.8468863900849675,5.53784549254895,4.158086501491981
22,9.293318370575093,3.8567611974040727,5.436557182097769,4.066211135078704
23,9.351321943464592,3.831368152511287,5.519953787977721,4.141251670402967
24,9.249843389121308,3.8468297770168407,5.403013602061875,4.037788435375076
25,9.293404123898416,3.842510807718762,5.450893321758872,4.076575551501675
26,9.177314289646477,3.8386444997117968,5.338669786587149,3.972218332722109
27,9.246723826701482,3.8435923662646885,5.403131461180688,4.037455706068209
28,9.21299098397194,3.849670579020579,5.363320385610072,4.002781048951767
29,9.153429879413194,3.8287325054174652,5.3246973732518335,3.960617650875621
30,9.147327341267173,3.8347014183187262,5.312625948240902,3.948181380719737
31,9.186110636373392,3.8556667222247665,5.330443877697735,3.963979839348756
32,9.154327420846162,3.8456518902979475,5.308675551749243,3.944957207963917
33,9.096275481344572,3.8539092388242344,5.242366246983711,3.8834612737765735
34,9.128410337867678,3.8440395867024866,5.284370751909086,3.9353488454952625
35,9.121195867541427,3.8504531301685874,5.270742726586352,3.9004601532137153
36,9.126958400708466,3.8416345212463283,5.285323863096431,3.9280953310581155
37,9.082243319792607,3.846389727361861,5.235853590942954,3.8787507136786785
38,9.10285184535891,3.8434657842246307,5.259386053695322,3.9029397674358206
39,9.087675628721621,3.854737245348426,5.232938355105158,3.8761777937319275
40,9.008049808686684,3.8283242461461917,5.179725575558667,3.8237269140442893
41,9.005540658828806,3.85291827524694,5.152622370191744,3.7936050702182813
42,9.087015604266139,3.849117845901275,5.237897736047992,3.8786259746402734
43,9.108234707539241,3.8577815694109696,5.250453118043088,3.890598314972638
44,9.093740152308424,3.8557707337247042,5.237969385108412,3.874939922237545
45,9.04101175525445,3.8498391204988716,5.191172654840764,3.834377040357188
46,9.05758367946107,3.873281873146569,5.184301795899961,3.8220602472933147
47,8.994785320740222,3.8523192587955135,5.1424660697556135,3.7728954440160027
48,9.00901071069393,3.871541413799649,5.13746926937014,3.781674786774491
49,9.073489772362196,3.870317674464257,5.20317212728182,3.851628839876648
50,9.015480254258083,3.8653246199656945,5.1501556246217435,3.7924370661540636
51,8.9794623438914,3.8600473110091853,5.119415019864039,3.7672008631195926
52,8.982616305537231,3.8610068349496065,5.121609439344004,3.765945127341379
53,9.00035209774785,3.8676792262310915,5.132672872260654,3.778444686657553
54,8.95903810063688,3.862713811550051,5.096324282391767,3.741376755204104
55,8.953370914072403,3.8556365490703612,5.097734362026459,3.75337554065746
56,9.000801529787632,3.8708543896489136,5.129947158736112,3.773770366555629
57,9.019238928736836,3.876827600035764,5.1424113234938025,3.788925742954248
58,8.923523880576195,3.8721154029953313,5.051408531885251,3.7007796637911508
59,8.973162293992065,3.871774738180842,5.101387546140579,3.746506312336081
60,8.961168690888261,3.864596282078212,5.096572426663546,3.7422730033743585
61,8.927165904766683,3.8601724524951764,5.066993440369176,3.7263319116672746
62,8.979728960581763,3.86624310466689,5.113485882323172,3.7647926394541438
63,9.01251627316527,3.8740939915459167,5.13842229426558,3.784055225562752
64,8.90826617908924,3.8777211824556965,5.030544998121336,3.680472231878319
65,8.938158718174593,3.868682529550633,5.069476204989667,3.7176181500117975
66,8.948048828916505,3.870250816464238,5.077798011708371,3.732935449448465
67,8.907445958177682,3.8934706920022712,5.013975277333847,3.66800990156748
68,8.88786836198637,3.866293824221154,5.021574554502871,3.6804033560611527
69,8.928014448763985,3.87589864723396,5.052115830170011,3.704276067046405
70,8.926580717708688,3.883155313929232,5.043425394852708,3.687547705288796
71,8.90724835566909,3.8631684471404126,5.044079904809199,3.7026243485080284
72,8.903119536532255,3.876077228700873,5.027042290721781,3.6905012495246208
73,8.904177020008962,3.865908114660921,5.038268895677397,3.6920741032140674
74,8.904615756316044,3.872506057602381,5.032109672677312,3.681849675319868
75,8.920349637357381,3.885583248971591,5.034766378715146,3.6840633959182525
76,8.942991078178894,3.8723472819871354,5.070643811069673,3.728414068355947
77,8.921270419580516,3.887478647663515,5.033791794233872,3.692814631320757
78,8.88724733254467,3.8525409705925284,5.034706373110576,3.6842036648957106
79,8.909297923773945,3.869353103191358,5.039944801241299,3.6984088777937867
80,8.866039479950475,3.86367688201333,5.002362620254017,3.6580541457475255
81,8.935447747919378,3.8760049897311446,5.0594427328957785,3.7212751964325093
82,8.893718207682165,3.8813797066252613,5.01233849473379,3.674140198926286
83,8.92807885376786,3.881416753004196,5.046662101507559,3.696833427164372
84,8.863661243837448,3.880027231671695,4.983634035970417,3.6416808632718234
85,8.837169428511455,3.860820362608816,4.976349045073558,3.6302905715014
86,8.887547214763957,3.8734981061515867,5.0140491127037965,3.6715480883296308
87,8.922834037804567,3.87543233657218,5.047401706439657,3.7076596849236214
88,8.879063670237239,3.8942708262415273,4.984792859617522,3.6450340602773585
89,8.893891943040392,3.871578584409169,5.0223133872712085,3.6819791221023537
90,8.893252078158993,3.8829028632451146,5.010349180694675,3.6715402558515673
91,8.861156494866668,3.8654306422157703,4.995725842236356,3.65973454481354
92,8.864706781836642,3.8767489784407356,4.987957804883698,3.6452643331982975
93,8.859626554289772,3.8954557688113494,4.964170786966214,3.6262182475252196
94,8.885900549509223,3.887580231087814,4.998320314701932,3.6472585632722945
95,8.821010698208385,3.8842323298759283,4.936778369076352,3.5980146611908483
96,8.873051191082983,3.8798205283428318,4.993230664971838,3.6414476058412455
97,8.833631662794282,3.8713310761682327,4.962300589973581,3.6307412532859957
98,8.824397014195387,3.88593186863499,4.938465145188449,3.60003689931075
99,8.84699692778208,3.878297677092173,4.96869926408003,3.6217019703012547
100,8.874969871479339,3.892760688168768,4.982209158018115,3.648026256962983
101,8.800515426302477,3.8759782585822475,4.924537200451641,3.586615738742251
102,8.845447592355903,3.8964594009328,4.94898817803298,3.6162322605269934
103,8.79572715104649,3.8730151597497615,4.922712004686852,3.5892767214365944
104,8.867674617797089,3.872845716669853,4.994828898895549,3.6599588513188355
105,8.848777709996645,3.8691234350576416,4.979654274939003,3.6422302150131203
106,8.780570174528172,3.8774520532575303,4.903118126105965,3.578495976333499
107,8.820056705504609,3.866748447537236,4.953308243833354,3.6193378853165603
108,8.800073686144467,3.8719798067988545,4.928093873022499,3.596856007151968
109,8.835196460836949,3.8824940899418965,4.952702376474271,3.6176060960742875
110,8.851852860354038,3.8834261380938027,4.968426713705435,3.6310161205238187
111,8.820784594079075,3.8854741522004934,4.935310441878582,3.597309131146221
112,8.757504536097581,3.864608810769972,4.892895722352026,3.5632955882924953
113,8.814081852596003,3.8837243480355057,4.930357488194791,3.5942262699377148
114,8.829646614895967,3.8881569418259976,4.941489672326075,3.6037304806820876
115,8.832529258430469,3.868458155722774,4.964071112378339,3.6289238025915234
116,8.794364831004984,3.871836349856277,4.922528476685332,3.5818161704053
117,8.857947688764789,3.871503206571439,4.986444472522706,3.657453450323453
118,8.820491341458467,3.878788905657026,4.941702446215982,3.613243321732686
119,8.795997521434671,3.8724019114573176,4.923595621135789,3.5961646557598144
120,8.761544737912564,3.869938394394754,4.891606355420141,3.564766595962453
121,8.784139432326866,3.8734525410507845,4.910686879745698,3.5658748823097457
122,8.828696068661076,3.894202701015145,4.934493377316574,3.6066571747456995
123,8.764401792921998,3.8725910967858086,4.891810672331526,3.557899158941974
124,8.807085366033355,3.8933914217301724,4.913693926449685,3.5867583346255296
125,8.806832118636919,3.8865642759617702,4.920267848998262,3.572139635844833
126,8.788224095301398,3.883469347276851,4.904754759182982,3.569905545893772
127,8.816528714577233,3.876799353943228,4.939729360262057,3.606920642525469
128,8.798956775814062,3.8965024791902017,4.902454282489842,3.5790084126215085
129,8.723722800077775,3.8708679583068943,4.852854845490359,3.528486928776162
130,8.819471549690235,3.881130737001178,4.9383408138049,3.601846598983741
131,8.768661281805887,3.876964284179735,4.891696995394464,3.568680216481273
132,8.793449285807736,3.878680828766964,4.914768453321293,3.5717496232197923
133,8.785151834234991,3.8920310893780354,4.893120728491249,3.563551568017921
134,8.755051914875667,3.8844482798286237,4.87060365662002,3.5346688450591612
135,8.727512785127495,3.885152726017183,4.8423600591103115,3.5119449441406916
136,8.803785611240428,3.901054923508357,4.902730656860399,3.5759831575819185
137,8.790012093304473,3.8775034969942803,4.9125086089564185,3.5794221637029544
138,8.782269332040677,3.8852866882467048,4.896982637098911,3.566705896404344
139,8.735355064761062,3.8878323708235194,4.847522678315732,3.5152896108939755
140,8.759851158130187,3.898817917114115,4.861033255150091,3.5366007958113124
141,8.762055383643569,3.8747809420509753,4.8872744319219485,3.5515590785260134
142,8.741215360703967,3.8962038630814337,4.845011528494205,3.513808502979844
143,8.77315815227824,3.8824687971153793,4.890689367065192,3.571383323758701
144,8.734895218181164,3.8852923039155147,4.8496029224485016,3.5193487255138094
145,8.708891193133992,3.881757247094617,4.827133937484574,3.4982407929930783
146,8.77028502317003,3.882183787975222,4.888101263834794,3.556902496007601
147,8.74105589475349,3.8963408909052286,4.844714992689826,3.5168884109223315
148,8.70121766475731,3.888863249613603,4.812354383900088,3.4877842064022833
149,8.741659188233374,3.8819718885347365,4.8596872848207235,3.5243747602572864
150,8.724358472362882,3.888583288177871,4.83577516335593,3.50654515833267
151,8.742552776604473,3.876826342480045,4.8657264434231235,3.53484934726483
152,8.767576842523773,3.899290069217057,4.868286774794509,3.525436600731241
153,8.72066293528969,3.8850898385605834,4.8355730952413145,3.5062934976658098
154,8.733225103845463,3.884478135339555,4.848746965530324,3.5243170555221868
155,8.755548498001932,3.8917073660447334,4.863841155017965,3.5339435221810422
156,8.722585594784265,3.8861265706941603,4.83645901107193,3.5046229697240867
157,8.71672372327022,3.8838297078464405,4.832894022490788,3.5096224764021993
158,8.682111679112856,3.8942971887900937,4.787814521194434,3.467875961208492
159,8.747443855273742,3.8920124428878524,4.855431399739663,3.5309979242393266
160,8.65682827477894,3.8586419227528683,4.798186347562698,3.4798335441375112
161,8.71618388707106,3.8878055318097426,4.828378381297666,3.483755114669919
162,8.76866145885307,3.896357660546504,4.872303791611503,3.535179827031033
163,8.659449602623997,3.880134762542296,4.77931486983753,3.4538367110741865
164,8.68542691437577,3.8848470670756607,4.800579843952578,3.473831841056693
165,8.746054936496776,3.920271876449704,4.825783057815385,3.486250593956101
166,8.73803319797129,3.9092699183316757,4.828763313114922,3.4916868380934885
167,8.72430890212751,3.901985032324114,4.822323869803395,3.4963793494214133
168,8.718513716401622,3.8958405897881425,4.8226731139672525,3.5016959089198836
169,8.66959122079025,3.8896540334555736,4.7799372092796,3.447143080453977
170,8.667872067360722,3.889814638682349,4.778057442068496,3.4569598665103527
171,8.681219373217983,3.8791557228695397,4.802063648116756,3.4642649604452194
172,8.677314307499973,3.8667028214369847,4.810611480111823,3.4883944791118364
173,8.691240050305442,3.9000929342975112,4.791147107825078,3.473544038960045
174,8.660796861752704,3.879295282170479,4.78150155800925,3.4633732269781055
175,8.651038187714336,3.893706890052641,4.757331323698047,3.429142002010494
176,8.669152038145734,3.8755457345483455,4.793606322194782,3.475528164326494
177,8.646886080178009,3.8747554532079356,4.772130655982007,3.4454900039339584
178,8.708888449646567,3.876441733141585,4.832446708322129,3.5026388711378837
179,8.622037963450605,3.873745144622374,4.74829279651136,3.4283897463877375
180,8.662093263706439,3.8820932759509628,4.779999997798068,3.459485184197865
181,8.701910847620734,3.8885956349871273,4.813315230859051,3.480810161685795
182,8.688739227616285,3.911104317574345,4.777634892188443,3.459810546333444
183,8.64026604650917,3.904370404628807,4.735895645599841,3.412259624082473
184,8.698904582007255,3.8890453448719615,4.809859224489066,3.4798345249640215
185,8.684531650751504,3.8986551415715684,4.785876506204352,3.461998456725836
186,8.688060212990795,3.9038245841605055,4.784235628458341,3.455092433090329
187,8.659667738142327,3.9054646432492737,4.754203098612531,3.4226909940960626
188,8.684718381968006,3.8902366269211317,4.794481779595433,3.4661161456948695
189,8.656214089177887,3.8875248268502367,4.768689247077787,3.447322768093829
190,8.669551739268668,3.911574149466528,4.7579775979849925,3.439147339596205
191,8.661239485658832,3.8841930789620194,4.777046397770065,3.445022382899863
192,8.651513358546122,3.8973339909510383,4.754179360156126,3.422814709905901
193,8.63201858026561,3.8961222063918566,4.735896379081024,3.4188460477986684
194,8.611815529940838,3.8978801454285192,4.7139353595918125,3.3938625844518033
195,8.657784337000617,3.8884198669338375,4.769364462627822,3.437867300744734
196,8.639164036410088,3.8925784374362036,4.746585591534928,3.4165766838002316
197,8.626013252924832,3.8851311162183886,4.740882143029556,3.4274048507678527
198,8.643510605727268,3.885108299820732,4.758402309626016,3.422079015633617
199,8.638082043057112,3.879856430982093,4.758225606123855,3.4295596005206175
200,8.648803056309264,3.881551575921069,4.76725149005884,3.4233256747681713
201,8.639689168766397,3.901130452356919,4.7385587260801225,3.415463928871333
202,8.623973658973824,3.8947290250924,4.729244642808173,3.4113202608319786
203,8.60954942718125,3.8963997025571637,4.713149717929025,3.3972630969447764
204,8.647160356018732,3.8843318426664832,4.762828527114321,3.4349199899831167
205,8.651789700185267,3.8753849347928386,4.7764047549778885,3.4436664770992236
206,8.632305433895212,3.8844362197911684,4.7478692252624795,3.4335072542687475
207,8.64813405303241,3.8905424870864462,4.757591586031148,3.4415456114246767
208,8.618662847557603,3.8884504440236203,4.730212385680486,3.395253038257593
209,8.606112410237376,3.8800046079430306,4.726107814568625,3.400168237373721
210,8.641796076353552,3.922491763199733,4.719304311666027,3.3907445499937916
211,8.55816085178655,3.880905930969905,4.677254931231185,3.3593140942816055
212,8.63571030561712,3.8933407787971674,4.742369560667208,3.4082656010822645
213,8.597256243135925,3.8901854610294335,4.70707077020416,3.390890741125098
214,8.626687918735927,3.900053231838899,4.726634675738592,3.3954140749438877
215,8.61479032727746,3.899976147132433,4.7148142099008545,3.3974574627630796
216,8.613863645961244,3.8992969011553735,4.714566751500931,3.395513097879109
217,8.66864527406261,3.9065658082828136,4.762079464292006,3.4340681203999868
218,8.610151902375838,3.8810342347566125,4.729117662783904,3.40561184124344
219,8.610569900357966,3.8924792679535245,4.71809063761171,3.404185234849427
220,8.60357252112045,3.8915154238386944,4.712057090586693,3.379659427309557
221,8.571175334234134,3.8997272939280303,4.671448053696226,3.3525944373536967
222,8.607303430435252,3.8850616374737386,4.722241792217618,3.4024444898465496
223,8.621599417580828,3.9011877226569167,4.720411674838728,3.3881061393273604
224,8.603075000685575,3.895501268449328,4.707573712151062,3.379834009221117
225,8.648676213161808,3.915628299326309,4.7330479220183514,3.401770299012873
226,8.637145188222995,3.9000473111728424,4.737097872586778,3.405087092365378
227,8.619324248220172,3.9145691822545947,4.7047550786118055,3.373852210930097
228,8.602616283339383,3.9021825143215993,4.700433747444808,3.3664045743004953
229,8.617823271967133,3.908358938794426,4.709464352885944,3.3858876998264593
230,8.594079493732423,3.9073764946828953,4.6867029997934235,3.3663505168861234
231,8.592703828201651,3.8944461379147914,4.698257660531031,3.374806265377217
232,8.584794974364282,3.8903237118177962,4.6944712818877745,3.368096260496309
233,8.596124515146622,3.899018575918284,4.697105897198229,3.370165309370401
234,8.610173164403383,3.894608885933196,4.715564279214083,3.3931448798097796
235,8.59666551851817,3.8791394494067117,4.717526069855356,3.396011667578901
236,8.587056917258991,3.8765434779912558,4.710513474230833,3.3805024850759047
237,8.604957647517022,3.904176247101306,4.700781395208445,3.369816493318531
238,8.598045302999559,3.922638094927331,4.675407220718455,3.3579141041046
239,8.620240147511785,3.900615701809316,4.7196244471902595,3.391434072146364
240,8.605742328066535,3.8904775542885575,4.715264781588883,3.389301936079671
241,8.605872941277514,3.8978018626779924,4.7080710756239394,3.381703881875215
242,8.584400037893452,3.9001036263107323,4.684296435387384,3.370035806795736
243,8.582665255958688,3.8953729449493837,4.6872923117532,3.3683399120098714
244,8.61615636828537,3.9020337738596518,4.714122579547805,3.38557500735088
245,8.616215585360475,3.9058264908664126,4.710389117926778,3.384649328062203
246,8.61070158031541,3.9283854775421334,4.682316118767035,3.346001051889381
247,8.590693244696036,3.9129685924131303,4.677724660465758,3.3529772148489396
248,8.584604254378915,3.9058231794146034,4.67878106306198,3.3640694923222343
249,8.591448593437207,3.918605062779324,4.672843526938404,3.3520743010010623
250,8.612554969728086,3.9090091166741763,4.703545860492867,3.371145055000198
251,8.577643180228247,3.915208428958649,4.662434769123095,3.3409084983623343
252,8.594236373901367,3.896574383034907,4.697662019506446,3.374278899102055
253,8.581885119124248,3.899894400059526,4.681990728363418,3.3656378290768534
254,8.563965745351616,3.878457301492438,4.685508422286202,3.355101419871385
255,8.606889535781931,3.900868252919356,4.706021285094263,3.374489706131672
256,8.597263816738277,3.9180449040929166,4.679218884377323,3.357714875439958
257,8.549567709846913,3.8899202703871705,4.65964745731324,3.3414548719171058
258,8.579618817000604,3.9011676556978507,4.678451171345346,3.3508537094604205
259,8.609675185728742,3.913904276727328,4.695770890775969,3.367511793157426
260,8.57689662582231,3.8929718645426115,4.6839247590480095,3.355896374736673
261,8.5717430129624,3.8992572492816704,4.672485768144105,3.3365712470829765
262,8.583331902573894,3.9107918456638475,4.672540066580691,3.354518430653303
263,8.579962217119666,3.9031253656991374,4.676836865926496,3.355256799602657
264,8.594539794088712,3.9046467488715875,4.689893024759992,3.3684508651727447
265,8.585510811828042,3.9038920220272404,4.68161883183091,3.350714856860418
266,8.599558648750675,3.9194655574614097,4.68009309203316,3.3495989734780585
267,8.541667953110336,3.8897542406727856,4.6519137433092235,3.3308748097947904
268,8.577519761976697,3.9110720659752904,4.666447713854904,3.3333393898843418
269,8.548861877036726,3.902645131169169,4.646216742891975,3.3218488581652945
270,8.576311385203821,3.910191619637976,4.666119754035462,3.3388462486951473
271,8.565974771139588,3.892921252109331,4.673053503408447,3.3391128285626723
272,8.5776534147456,3.897489398206452,4.6801639979417535,3.346862989357221
273,8.57427132259851,3.9026485344921,4.671622774716287,3.3527536436845655
274,8.552931595146191,3.908331192227868,4.644600421887664,3.3284984773109185
275,8.529230879547072,3.893837955180271,4.635392933665497,3.318389240181576
276,8.555766861449909,3.885968549017229,4.66979831949969,3.3461605055655776
277,8.57627487926513,3.9114839878171543,4.664790872850582,3.332377756627599
278,8.61301154911797,3.9073550652788134,4.705656479747731,3.384479004953655
279,8.564034090027237,3.9186526575996052,4.645381417177768,3.3196619111178634
280,8.554975331108581,3.9104946176644977,4.644480718651353,3.3228339918318106
281,8.560951732808082,3.8943189934895677,4.666632722952809,3.3485829945473515
282,8.56594820364775,3.909061080022089,4.6568871355279935,3.3367417807140143
283,8.553311106939212,3.9040268363893125,4.649284288403397,3.3200781230063594
284,8.544557131024865,3.8966071222576075,4.647950018437902,3.326120205490898
285,8.57714173499954,3.9059921106942546,4.671149619098014,3.3367931467136613
286,8.563720962000712,3.9065941097955807,4.657126861875775,3.326776197287668
287,8.553684442909942,3.9038417090119886,4.64984274505639,3.3274826705920715
288,8.555093994378671,3.9050113741953547,4.650082614976046,3.322884641459877
289,8.551542369884187,3.9096064262568673,4.641935927261614,3.3129291199670754
290,8.578928025018035,3.90657824026813,4.672349793676653,3.349718502270822
291,8.551090779059018,3.905481302793982,4.64560949486243,3.324698465662702
292,8.520290773483966,3.9045185373279496,4.615772250290036,3.28884471262487
293,8.560678415105048,3.9153459313879146,4.645332503058423,3.323698022994162
294,8.552470290530676,3.8896601319127075,4.662810176843414,3.3325296207076858
295,8.558992684910338,3.9075777166161263,4.651414953788246,3.3371382615123637
296,8.545595549941993,3.9031243781775653,4.642471164697418,3.3111149204688584
297,8.568144167455236,3.929694299578853,4.638449874199496,3.3205145815047383
298,8.5537556858033,3.9181101392844164,4.635645536848238,3.3144816839006874
299,8.561976738541436,3.905630401069772,4.656346331520497,3.3373827487927703
300,8.549075217403228,3.9098938876492744,4.639181329010057,3.3109896692582486
301,8.52300837036228,3.8831326370120234,4.639875723679612,3.314905043139287
302,8.494499100909776,3.8883576192275595,4.6061414787066335,3.280462076065135
303,8.530573629923804,3.892361350810844,4.638212291015292,3.3187271860571994
304,8.5272029841002,3.895667204060904,4.6315357919416265,3.3120648284412213
305,8.53866981083815,3.902750612607054,4.635919181121493,3.309204638283264
306,8.538880282742744,3.892473729277922,4.646406564995205,3.3276582883784256
307,8.557519057239645,3.9056184410862915,4.651900591232847,3.336940908580786
308,8.554281936978773,3.9136098751597768,4.640672089343138,3.3186727425609477
309,8.54981184228906,3.895252979117883,4.654558863915073,3.3279605045705427
310,8.536506835830378,3.9023774094217094,4.634129420829452,3.30486081580104
311,8.54717268177574,3.9097744797395655,4.637398189389947,3.3114264334977697
312,8.55303805852643,3.898238471443307,4.65479959452208,3.3345087958200486
313,8.558905424454283,3.9021052875310507,4.656800142874398,3.3384161969986796
314,8.558831211929203,3.909832021561502,4.648999201526136,3.323551044821181
315,8.540862916598268,3.9089521469080504,4.631910771921905,3.309556875511562
316,8.518252473911517,3.9045945158614757,4.613657969952373,3.2943459658094576
317,8.542662644349097,3.885429102619427,4.65723351569332,3.327955783808287
318,8.542967571669175,3.906910366275567,4.6360572079972435,3.310763268686494
319,8.532044525265508,3.906576907206995,4.625467621034096,3.2987020848879762
320,8.556281098709464,3.9269986502279917,4.629282467822761,3.3037578527715388
321,8.521508756926204,3.9196990335973303,4.6018097136582305,3.2902977831092155
322,8.532284125151017,3.8903600756724055,4.641924050966403,3.324264067011579
323,8.598706246910155,3.9187280860222446,4.679978184692573,3.345874866717691
324,8.539324015053497,3.9023425605107396,4.636981442640427,3.3213932034377933
325,8.53653824608337,3.895077099108287,4.641461120194839,3.3133242840699957
326,8.54853216162338,3.918398340109172,4.630133852013931,3.305057017925935
327,8.556608955871296,3.9002763503427254,4.656332600693249,3.3336073712514085
328,8.535277909682062,3.908273144928788,4.627004784838458,3.309737177237334
329,8.526287404683748,3.8987763723977458,4.627511049023656,3.308767514742109
330,8.541290445372393,3.90246570203308,4.6388247411076255,3.3188089442885422
331,8.49774646461475,3.8933657558399504,4.604380663397159,3.288616995729634
332,8.537106924607489,3.8967335785792883,4.640373343796514,3.3163962241453984
333,8.541940700989246,3.90516349417557,4.6367772075575715,3.3094248042649674
334,8.499525875085602,3.883522008398952,4.616003876357294,3.304515779111389
335,8.555516052543652,3.9183274505662844,4.637188603465159,3.3168943876781256
336,8.527043901999916,3.8988745688648194,4.628169355823916,3.3032584212685525
337,8.538262112836199,3.9103375920639394,4.62792451519304,3.297352869313518
338,8.524334238025588,3.89702219226617,4.627312016003589,3.3051686815092234
339,8.503276952901237,3.888274374320615,4.61500257188556,3.303455918887848
340,8.51672328169372,3.8915599883997496,4.625163305940196,3.311029618318293
341,8.530037173242912,3.9016226840651536,4.628414484342435,3.3026629141451975
342,8.511016003613166,3.9119475531317702,4.599068438579065,3.285009637823715
343,8.545066925739164,3.9150348070445187,4.630032112371531,3.2972501748809577
344,8.544993330647532,3.928577936011804,4.616415395007676,3.293904748610141
345,8.51015304291676,3.900286847455267,4.609866177979944,3.287988784718625
346,8.527666602231411,3.9074297300924936,4.62023686990723,3.2900244925583766
347,8.52972343224631,3.9123750149552796,4.61734839497416,3.297329459287075
348,8.53438497742699,3.9010269593522997,4.633358011379629,3.3103000187836646
349,8.561545742469347,3.923651434887962,4.637894317252029,3.3047144416713863
350,8.522360911793344,3.9147133101911145,4.607647595279117,3.280205362858527
351,8.497896765769923,3.897742730035053,4.6001540442896705,3.280482080165012
352,8.513036348518455,3.9073868727721215,4.605649489136456,3.287091467198269
353,8.55118671185141,3.919675873147902,4.6315108639959615,3.3029667226461092
354,8.519336423710245,3.90811125834163,4.611225137844473,3.3000028159428685
355,8.502332937326893,3.89916267484287,4.603170240911046,3.2884072595379097
356,8.513120007031421,3.9092856271776504,4.603834391012207,3.291459121123863
357,8.502214689894512,3.9011112717496066,4.6011034203765915,3.2813116990831825
358,8.546830904837146,3.914573510983805,4.6322573931094455,3.3016490110555043
359,8.515577756670448,3.9031400189570817,4.612437733993887,3.3004085943219073
360,8.508033917586257,3.90331448816844,4.604719437228722,3.2902144232703816
361,8.502840885692008,3.8867654577246324,4.616075443589185,3.2980781780576187
362,8.505891026275206,3.9032192676562043,4.60267176233848,3.2843385709801254
363,8.520603844974417,3.8963127255253784,4.6242911454853886,3.2947905509966584
364,8.522383981487494,3.9232963102284164,4.599087630344814,3.2810974355420903
365,8.510802252616228,3.894677522587888,4.616124727424705,3.2881874115716276
366,8.47821256039481,3.882707746092131,4.59550478826633,3.274430781928314
367,8.534331687713005,3.922267691393538,4.612064008221798,3.2889383709560875
368,8.534580114665157,3.9123726902811464,4.622207409506097,3.297873353437403
369,8.524982569928103,3.90686759338736,4.618114996625927,3.2958207279211273
370,8.505979468037669,3.9011900808063573,4.604789400249487,3.2830904128956906
371,8.50847692831816,3.898140638741242,4.6103362962719805,3.2915113519022876
372,8.53231728132727,3.9128699213405853,4.6194473904864095,3.2953284095490405
373,8.498597743172727,3.9037312624421023,4.594866485565947,3.2751684642619163
374,8.532085223800493,3.9096727386093733,4.622412476636319,3.30515361241357
375,8.511369642712955,3.890499236617185,4.6208704005165515,3.2967635342929738
376,8.50714116535395,3.9067138747752366,4.600427284627548,3.285585038933479
377,8.506156173027621,3.909830594769506,4.596325560404618,3.2835735374605415
378,8.496227203404848,3.9049527723220137,4.59127445786308,3.286935836402191
379,8.511048498466122,3.895973739311587,4.615074742416882,3.2942466802790458
380,8.495700803450228,3.894274727230697,4.601426075475636,3.283280793664608
381,8.499691738539292,3.9063841645691584,4.593307588104153,3.2734117574885184
382,8.49614356423317,3.90877049017622,4.587373064014358,3.274203810416592
383,8.528001697498626,3.9240111731887795,4.603990498273496,3.2751618235048006
384,8.52266974233428,3.904384370527104,4.618285356185366,3.287373433804921
385,8.499107198670576,3.899369589810066,4.599737604025187,3.279576027821081
386,8.518884645423354,3.9111078585179846,4.60777676235681,3.292415590628447
387,8.5087586624574,3.9123530744948365,4.596405578291918,3.2714930384095857
388,8.550909872546026,3.9156960920313035,4.635213756710058,3.3154657422659364
389,8.491549392200298,3.91958538418441,4.571964006528096,3.2495845558118894
390,8.5045193495133,3.9097967025084355,4.594722656303561,3.2720645214205786
391,8.503139509239732,3.9078198825699304,4.595319608072409,3.2789131241172043
392,8.499212347587074,3.904617182364144,4.5945951763813655,3.275480068790001
393,8.509920969768173,3.899276147208608,4.610644830742418,3.284364968119843
394,8.519077847044851,3.9058116441955804,4.613266224050299,3.2919356488214455
395,8.522910262418797,3.9155391832223736,4.6073710840317466,3.281677734461292
396,8.480545118334884,3.9051495959717846,4.575395523106996,3.25592912675438
397,8.52953100502026,3.906465444103604,4.623065566123927,3.3020358319959477
398,8.508444951216628,3.9064865819005625,4.6019583693160655,3.293412942782207
399,8.510309476748272,3.9206544798733476,4.5896550058016725,3.2678560593198873
400,8.507848880964211,3.9093048003460056,4.598544083593788,3.287055943201931
401,8.520473184154111,3.9018377074957264,4.618635455829305,3.2947299283305864
402,8.469661797450597,3.899585912082571,4.570075883136338,3.2655201144225883
403,8.48778656529562,3.902690275968888,4.585096290070627,3.2746859519232454
404,8.531253631698918,3.907591832037463,4.6236617814360095,3.307995363256303
405,8.504688462303507,3.9101637759930257,4.5945246394450505,3.2769353081023267
406,8.526362033790434,3.9154685038300276,4.610893519545866,3.2843671105395242
407,8.493877053818725,3.893216251397096,4.60066081097643,3.2899160414887665
408,8.53400738042156,3.909155432036068,4.624851945409909,3.301590991652514
409,8.509026546746075,3.925917993655629,4.583108534493052,3.2664876676014916
410,8.520965397636902,3.906931982769423,4.614033418586957,3.2934432252892836
411,8.489251095865521,3.9100193456628953,4.579231730117441,3.2642534344505036
412,8.505470948360639,3.9108578604580644,4.594613129560735,3.2671125370329146
413,8.522087928843387,3.9163468200219405,4.605741119979882,3.2809766733702186
414,8.487373088711696,3.904614438876719,4.582758654298351,3.2530957242813945
415,8.492404351554312,3.8871199883834433,4.605284351640484,3.2844484525612105
416,8.503196768381294,3.921599491896012,4.581597257515941,3.266985809189295
417,8.479917658658556,3.8976725471931015,4.582245093240009,3.24765466044362
418,8.492850322991192,3.908195454691204,4.584654882434005,3.263944995942614
419,8.485649007716901,3.9109908013187593,4.574658195983601,3.2479320331222366
420,8.492298444608073,3.9104014592312057,4.581896998395042,3.271280540504991
421,8.487275264936379,3.9089216315616127,4.57835363783814,3.258940744325635
422,8.471328533011926,3.898442515344962,4.572886002789049,3.264542450956919
423,8.487815911981878,3.912123723260698,4.575692202111302,3.254283049549216
424,8.511947981466927,3.9264743339252917,4.5854736813888906,3.2607578710535203
425,8.499537304299484,3.9136886730580915,4.585848631985288,3.2571729408597427
426,8.48230546722174,3.9028683456355435,4.579437119726458,3.257927033904934
427,8.500879720667037,3.9139515393981696,4.5869281466777165,3.2614903747570496
428,8.511839072157551,3.8972050321641465,4.614634048920154,3.2967371315740386
429,8.490752206763686,3.9243034401475545,4.566448773311192,3.2432286475266383
430,8.46592586981525,3.8879081998340053,4.578017697505386,3.2649126298342033
431,8.47667453367141,3.8971085935226655,4.579565953910816,3.263112228485798
432,8.503538792293268,3.900453237215182,4.603085572187688,3.2926851033048585
433,8.48189197278432,3.888400494773377,4.593491456066019,3.2814733018741222
434,8.491822744122533,3.9141816151867417,4.577641148649028,3.2604799828551676
435,8.478001094645531,3.8913381460490353,4.586662938925851,3.278838111532274
436,8.493485703669174,3.900603060045406,4.592882641392081,3.2659664481366852
437,8.485506588880805,3.9053705783790433,4.580135999343325,3.2650560373077155
438,8.506582822517002,3.8983616025511076,4.608221202112397,3.2804084984635042
439,8.497651271254707,3.9155595533189462,4.582091704917587,3.2532662240651766
440,8.467266435370245,3.9064531013857744,4.560813339935636,3.2357802666293662
441,8.474100705056035,3.8991495830220475,4.57495110938776,3.2562950680296803
442,8.476569965737472,3.919931546016342,4.556638438690471,3.236328007464476
443,8.487627557584908,3.909741134985747,4.5778864408246065,3.2593960806657667
444,8.481873857435682,3.908955032851506,4.572918842065725,3.252678868923098
445,8.493982059163349,3.9075151464310527,4.586466904549442,3.270100723748646
446,8.492258873075107,3.9078389404344485,4.584419951238052,3.2654801374664544
447,8.496902330431292,3.89827185897113,4.598630498240407,3.28252720609656
448,8.4861406974971,3.9085025839426217,4.5776381180178545,3.2514750224751725
449,8.464085044801328,3.8976396725813798,4.566445369988261,3.249106107375551
450,8.471649214555619,3.8947394035535745,4.576909812117887,3.261606272966739
451,8.469799589255299,3.9247414039189286,4.545058191659484,3.2340969347544655
452,8.480707107579653,3.8992967642785605,4.581410365617963,3.259499372074645
453,8.465462812581412,3.9029730046967077,4.562489829457681,3.2499116341149006
454,8.494523229911435,3.9121892091450565,4.582334054241686,3.257899069376929
455,8.470144805967715,3.903352937534707,4.566791870664694,3.2537709182584527
456,8.503484126372197,3.9062242708786417,4.597259853261868,3.2661036812756996
457,8.463224455644486,3.8941369982851834,4.569087466657999,3.25051377530031
458,8.48557791509048,3.917827764279013,4.567750159366269,3.249673966870479
459,8.490600859691126,3.9293765106736775,4.5612243386029085,3.242208850923083
460,8.467206587471567,3.9102171784072137,4.556989425802008,3.2374474905582376
461,8.484803094134874,3.9236695963581343,4.561133489593887,3.2378650790257684
462,8.485493412999764,3.90939691844113,4.576096522826672,3.2483518774535467
463,8.483999488878176,3.9034737915777007,4.580525705483328,3.2612335455027086
464,8.47523382041086,3.9195875585916076,4.555646266282627,3.232933051128655
465,8.486139321290015,3.919635435720316,4.56650387664295,3.250038977160283
466,8.47232204443207,3.909412384033203,4.5629096373381,3.248863747636911
467,8.486414233905476,3.9114534241174943,4.574960806812399,3.2533097996168685
468,8.457800610761003,3.899010333925625,4.558790275347586,3.242780749027889
469,8.470121624689206,3.8979812345341105,4.5721403760210775,3.248119442771638
470,8.493946375973325,3.9215001442503072,4.572446209406146,3.24321536192098
471,8.473695694005434,3.9040219932562104,4.5696737107918155,3.2387609548762137
472,8.467049195502366,3.902565326036046,4.564483892527088,3.2486310339941062
473,8.486196906257904,3.89748093936819,4.588715966145817,3.2638208542524745
474,8.526522521853632,3.92472200349043,4.60180053100943,3.274676057366239
475,8.49258036174566,3.9126388115369584,4.579941557647658,3.265985352758684
476,8.503778884637747,3.9171837131244343,4.586595196061871,3.2619971016453877
477,8.457369203314581,3.899203919025368,4.558165301770762,3.2399079007403153
478,8.48443674483277,3.8974809698679147,4.58695575487967,3.263404085186082
479,8.477294738876653,3.911098013801991,4.566196723586869,3.247901476489586
480,8.485170301892643,3.904484309941856,4.5806859785606635,3.2647255813461755
481,8.483236714569902,3.9174218705961374,4.565814858851678,3.244673571236978
482,8.508541056592826,3.904084593197113,4.604456468602982,3.2935125511633623
483,8.486629878860926,3.917820847164636,4.5688090547570575,3.2422632144505448
484,8.464349038515374,3.9102594517694436,4.554089570752172,3.2424202340999373
485,8.460300963308063,3.9112991996562796,4.549001758444514,3.2316461598817345
486,8.48438278263705,3.917789694299564,4.566593095776444,3.2432118618916053
487,8.465360308214208,3.929272179298579,4.536088131891212,3.2120870048653876
488,8.4817284793824,3.918532865839704,4.56319559903673,3.2462326747578873
489,8.499499698882914,3.9137902058974814,4.585709496704911,3.260539933411454
490,8.457301755777202,3.8987054307821576,4.558596356610612,3.23932874853637
491,8.492366305751473,3.9051419204557183,4.587224367442258,3.2677850224856466
492,8.476603594287509,3.911339695851628,4.565263899923672,3.2475811601986937
493,8.445992097839737,3.89449939936074,4.551492682113291,3.238700608567403
494,8.483294669997859,3.9102083193530532,4.573086385979853,3.247604534518142
495,8.468802937107414,3.9005529166383788,4.568250005963068,3.2538247993695384
496,8.493847135820552,3.9100595710802004,4.583787587057223,3.2576257152230057
497,8.501409463689033,3.921924998719309,4.579484448604019,3.264289424125564
498,8.461118074735502,3.9027727702850483,4.558345262048397,3.2372154389826258
499,8.470871025240179,3.9149155051399505,4.555955527911134,3.22376821156411
500,8.472941041550659,3.908308262014166,4.564632769121952,3.243904811171771
501,8.464127074909657,3.914017140958313,4.550109980072879,3.2445352125837355
502,8.472165839720441,3.9064764481810808,4.565689377033395,3.244572899828835
503,8.479194221556094,3.913031405480157,4.566162804917501,3.244729777022197
504,8.496148148862508,3.917657024960808,4.578491128365075,3.2555392327807064
505,8.477850866392139,3.908329913099173,4.569520946597904,3.246689983909476
506,8.469252666705485,3.9203152968991377,4.548937392123218,3.2311816951971903
507,8.471053016353137,3.9165007078703407,4.554552308110849,3.2371000715425344
508,8.45800097609831,3.891453115876863,4.566547869148195,3.246110503275569
509,8.469519970755496,3.9093026988405892,4.560217279725811,3.243725710465644
510,8.4579848038053,3.897859725862881,4.560125075710731,3.2366199433896545
511,8.452239722431916,3.90421929709067,4.548020442450846,3.233977544698254
512,8.464324469871343,3.9063914651617804,4.5579329980145005,3.232223570625793
513,8.464753338401664,3.9109929764698523,4.553760377181674,3.240739262234216
514,8.455482061121282,3.8969339550750304,4.558548112741312,3.2305810142790845
515,8.480489175888751,3.9155762667960943,4.564912902397596,3.234582183141604
516,8.49221554189316,3.9221512687373643,4.570064285802023,3.250226327298026
517,8.457024592133282,3.9338417053222656,4.52318288457933,3.198407122943777
518,8.46370885970998,3.9011260373358048,4.56258283353261,3.2447409555432207
519,8.47634102736546,3.911125139587569,4.565215885174256,3.250494760581744
520,8.478177433638788,3.923148636140987,4.555028820186621,3.237825503029429
521,8.44108248277685,3.8949639681906856,4.546118534671349,3.2360321058311996
522,8.453575724930548,3.9005252083824504,4.553050503157975,3.240172387657225
523,8.465187459579681,3.8984387006476964,4.566748764883151,3.2515402360936965
524,8.491505866861566,3.92157369731183,4.5699321676899975,3.256764604595262
525,8.478768899176682,3.918438128859688,4.560330774780368,3.2396903729847923
526,8.455380349003022,3.9159112616373855,4.539469081414471,3.2300866520534997
527,8.465021036716408,3.918186119305734,4.546834928197161,3.228627638958174
528,8.469350109606191,3.901165558655809,4.5681845587612875,3.246206293983876
529,8.461760303717508,3.9079990267939575,4.55376128919783,3.2311859049030844
530,8.458897581710458,3.9102165010901584,4.5486810962421105,3.226230033288322
531,8.470676573129973,3.9147694400989694,4.555907162042936,3.2299689911828957
532,8.44902389841779,3.8981303164441945,4.550893579741908,3.234431835864896
533,8.445198569394497,3.9034898083965044,4.5417087498395565,3.2250137425808005
534,8.44779749407597,3.9037915057213555,4.5440059712450145,3.2250127174924947
535,8.478245616145141,3.9134471323486424,4.5647984726380635,3.23732875550221
536,8.470042286722597,3.9151309626336777,4.5549113397107295,3.2330652533008974
537,8.472620917928758,3.9110288567922415,4.561592063368204,3.235912625763606
538,8.460455610302049,3.9180697881487343,4.542385816202149,3.226185696359358
539,8.472634068517342,3.9008093936580948,4.571824677090935,3.2533747063784073
540,8.493717635477575,3.9224904375775558,4.571227173351461,3.242254654442464
541,8.454156784855073,3.895125482829982,4.559031293842239,3.234461685424662
542,8.46381359948383,3.906467849862371,4.557345733255753,3.2322465938264604
543,8.46180984270926,3.9200666166504905,4.541743241308632,3.223672021755748
544,8.482411548239579,3.91896657006417,4.5634449878460535,3.2427636323592592
545,8.456290556004564,3.907001897808914,4.54928867381746,3.2222263444790418
546,8.489483021722755,3.9340936449500217,4.555389387931169,3.2289076104364973
547,8.439629310750739,3.8980271351318834,4.541602154045878,3.2265663478006252
548,8.467501127031776,3.900390013517716,4.567111112770164,3.2369221049054366
549,8.430925290409748,3.909171352148428,4.521753940493008,3.210099260818196
550,8.44379471839869,3.907762718647021,4.5360319625568835,3.212410856148754
551,8.463726805450392,3.9152640507857255,4.548462763591416,3.2331592839519243
552,8.432279527280334,3.9014747496142217,4.53080475906872,3.216943371872448
553,8.458098792434669,3.893140537318499,4.564958246189421,3.2528988180591982
554,8.434883504501556,3.8901695334781166,4.544713971767337,3.237520863596995
555,8.480703855267553,3.897157233888385,4.583546595342818,3.2744785232960525
556,8.463776357832268,3.9167182523635176,4.547058087615253,3.2292832643863005
557,8.463972948642677,3.9071216441911765,4.556851317097728,3.2358505134463496
558,8.448319006635693,3.904771971442212,4.543547018455826,3.2293752976773122
559,8.428530980197948,3.909709959431855,4.518821009607657,3.1992846286613
560,8.463248276673315,3.9004578969779886,4.56279040349999,3.2359693708732236
561,8.458344703531488,3.901873639146921,4.556471072567421,3.229888741572078
562,8.455304953683743,3.908701117808659,4.54660385744806,3.226659451185634
563,8.481835305783752,3.918715272418422,4.563120046755453,3.2394856141993484
564,8.450641524959094,3.9128867278046986,4.537754817611527,3.2160082544067907
565,8.469229451207772,3.932231555676869,4.536997885860258,3.2120016212582403
566,8.43705476948326,3.9037749629682756,4.533279808002775,3.2180608579781422
567,8.48175021006425,3.925069538181918,4.5566806822968715,3.2284020462571736
568,8.459993801325234,3.9195513821987205,4.540442412431452,3.217226590083653
569,8.455230971766337,3.9107568691747607,4.544474098872097,3.230628241986827
570,8.476802003179065,3.9192271269799765,4.557574868016236,3.2410143057753253
571,8.452409879651716,3.9146692488755153,4.537740607715434,3.2302062901989346
572,8.45033284542899,3.906731169606892,4.54360169813897,3.228748139278751
573,8.456072233024514,3.911291147728978,4.544781091246701,3.222699798399498
574,8.476942109987256,3.9112844017106174,4.565657709392482,3.248536017681247
575,8.44576637756062,3.9063844271643484,4.539381929567191,3.22041053370269
576,8.469274019488306,3.926091513656045,4.543182513643167,3.226435181503177
577,8.475954491709027,3.9098512921801967,4.566103195065455,3.242179317147051
578,8.44559355570634,3.9147380313337687,4.530855520281144,3.215135688156866
579,8.440357691784174,3.9076184460227834,4.532739245761389,3.2100096782916423
580,8.46106309191485,3.9180011726950705,4.5430619035979705,3.229350836898161
581,8.4666363869368,3.9072815326744235,4.55935485017095,3.2324254077607866
582,8.437458797103716,3.9049958040859325,4.5324630000847925,3.2235750073389777
583,8.442877708470766,3.9069026836924916,4.535975032217231,3.212401547781577
584,8.472508898391366,3.9120534771876105,4.560455415252591,3.234774503990566
585,8.474986113549766,3.9023853612950363,4.5726007477913555,3.2442544306310217
586,8.455676514719281,3.9072508194517233,4.548425681133538,3.2334051377687736
587,8.472411221163506,3.914927639566978,4.557483569694198,3.2349492971685114
588,8.469751468128793,3.9111134782782213,4.558638003612644,3.232223556863722
589,8.44363737478271,3.9144249036791914,4.529212433908733,3.214410388711462
590,8.459261871909202,3.9077092582089668,4.55155261481608,3.2323684052632493
591,8.42782694092035,3.8989750881462872,4.528851848310688,3.2170581334094734
592,8.449364471733105,3.9068364468454013,4.54252802377186,3.2258131191622637
593,8.44895241599001,3.9212250858312836,4.527727323463666,3.2121804701556655
594,8.44610926141605,3.8990860026265826,4.547023271063747,3.2258292851321597
595,8.472317569155402,3.915401376539757,4.556916189268115,3.2345810122497367
596,8.472309533593807,3.9111819709890905,4.561127582317954,3.2355305877007114
597,8.443209804350426,3.902368282193141,4.540841530340138,3.2211077109141955
598,8.45291410481874,3.906899831596291,4.5460143066977565,3.226635607096037
599,8.4573722086533,3.907061616269735,4.550310570810589,3.2370163475667444
600,8.472905818088192,3.9273683909506953,4.545537441271516,3.227475438586635
601,8.426290769472882,3.9057264290808145,4.520564342623754,3.2101903616359193
602,8.482458117599606,3.9363728804446976,4.546085239386596,3.222975629726178
603,8.490972706382621,3.9230641939338766,4.567908529558346,3.2434467956911943
604,8.443132244294594,3.888194205794431,4.554938061188982,3.232816789897853
605,8.44017831918416,3.909199907329637,4.530978394001025,3.20848701710634
606,8.467640347116266,3.911808697928133,4.555831668901369,3.23023606164965
607,8.467583046316543,3.9190796459334876,4.5485033750906005,3.221194997778549
608,8.463127750688336,3.914326888722674,4.548800883538638,3.2308610017511663
609,8.442292841287932,3.9273074145622076,4.51498542560988,3.206023893192666
610,8.444601176495485,3.9144799080728183,4.530121277349416,3.2161674428841627
611,8.44874975052713,3.91201186663647,4.536737858598206,3.222674232191303
612,8.454179934889961,3.9059187685271692,4.5482611581799395,3.233453290882795
613,8.45126691362973,3.903373524476883,4.547893402914919,3.2299622302866204
614,8.4443732944554,3.910129047965111,4.534244252441454,3.2129028858893003
615,8.445382957339472,3.904468238818664,4.540914715545226,3.2203910603724104
616,8.445378694816982,3.917164999683636,4.528213681743223,3.2146327246369886
617,8.442565499899354,3.9074796350809415,4.535085855519716,3.2141248789294834
618,8.431090395089802,3.9059716769945974,4.525118714747674,3.207663222891678
619,8.447217218217537,3.903623760583434,4.54359348255461,3.2173006776342525
620,8.450736364968668,3.907629393192238,4.543106991117718,3.2250950325297865
621,8.445451425501783,3.9028970685652378,4.5425543747900425,3.2213772693401936
622,8.434537725403974,3.898522101772743,4.536015633301877,3.2129221118742515
623,8.45601077235991,3.911544042518842,4.544466732072756,3.2233848497387774
624,8.427564622459471,3.901885829738075,4.525678778215429,3.2118818321019735
625,8.443900088996113,3.9096421131663686,4.534257984012598,3.2122064388114464
626,8.497898585338861,3.9181940250575265,4.579704569580031,3.2598127422392276
627,8.474917873019548,3.924174642786035,4.550743219818973,3.236028250963565
628,8.465194081739405,3.9177059256900306,4.5474881195984835,3.230505159976144
629,8.431312517889204,3.9084959997215805,4.5228165062652925,3.206727553827342
630,8.458063756433924,3.9016658311329095,4.556397936459451,3.234518609069253
631,8.447608833193964,3.9007205594906385,4.546888270355796,3.2303966107122983
632,8.434937722597406,3.907341228074477,4.527596490059554,3.210369718614123
633,8.432683258830291,3.9065772679964206,4.526106027284762,3.213645346265129
634,8.439692512875228,3.9141420775010323,4.525550428679135,3.2042023335901697
635,8.44016632758511,3.9118526945248036,4.528313618182392,3.211976634544813
636,8.454620566643344,3.9194385704123844,4.53518199102369,3.210443562910821
637,8.443122398090809,3.9189882910753746,4.524134115942183,3.215911121338652
638,8.438867481190032,3.9097365328748586,4.5291309557541295,3.2122959316985655
639,8.446935790563336,3.906051039137818,4.540884759608371,3.2264052980961555
640,8.477962656065753,3.9305330617193497,4.547429604017046,3.2205337793704314
641,8.4443934160908,3.9149225669420455,4.529470846173172,3.222425087379777
642,8.443533088041356,3.904719692682513,4.538813413956236,3.22269581892933
643,8.454206747867389,3.927434402025434,4.526772319061708,3.214054190238441
644,8.468316467987394,3.9263110703871513,4.542005410246469,3.215606868731994
645,8.462623434022138,3.9186152630774727,4.544008169456875,3.226053572668114
646,8.457543380546868,3.920783903967014,4.536759464305574,3.2097658887854235
647,8.434384598932846,3.907804339612702,4.526580255600666,3.2102371095309206
648,8.434489468888447,3.911173017832121,4.5233164443612655,3.2117839097604737
649,8.412499464990196,3.90025326242313,4.512246228603416,3.207642233873864
650,8.449675168708408,3.917392601275035,4.532282583055184,3.2101686592221075
651,8.461951312334415,3.9268038626208135,4.53514746384762,3.2047361016459472
652,8.432141992119657,3.8999786696828287,4.5321633142539755,3.2148093399875064
653,8.445647263489722,3.8951588658944307,4.550488402058665,3.238897324352294
654,8.413845974272016,3.9130262019295774,4.500819790195935,3.1871095425253166
655,8.459264238985392,3.9172431875874585,4.542021023873792,3.228566088654136
656,8.446255099196888,3.910181683050861,4.536073391597468,3.2122629309965185
657,8.435670347555938,3.90383496262168,4.531835378239196,3.2184540596841464
658,8.430972569446295,3.9123102171744644,4.518662331442751,3.2067343463391857
659,8.445452108398056,3.910711743344383,4.534740366169517,3.218604173749546
660,8.463351324084396,3.9101082657503077,4.553243065773046,3.2312896768685992
661,8.417745481601186,3.900693859213414,4.517051646192435,3.1925935522070543
662,8.442699594542315,3.920179637471525,4.522519992405837,3.2028681859955217
663,8.428092048990187,3.902694371114841,4.525397665973014,3.216853945935944
664,8.448108583828217,3.93238958962808,4.515718991224554,3.2027113173569606
665,8.44799553548304,3.9148593796954696,4.533136140165761,3.2077659013304807
666,8.443719874306142,3.907972985980291,4.535746871960145,3.2255909595400234
667,8.437829832948871,3.899052805164117,4.538777040430983,3.2209908527070756
668,8.452575125671958,3.904706758567584,4.547868374543332,3.2268673685523166
669,8.463324764031515,3.911325995524104,4.551998739495478,3.237944623795389
670,8.464382323385587,3.913235688172339,4.551146622938968,3.232062815132082
671,8.451783477795106,3.9166243935524023,4.5351590790354335,3.2147548131749337
672,8.441583512911745,3.9084512343086804,4.533132263725149,3.214119306406625
673,8.461581234626948,3.9236530298003913,4.53792822342395,3.217593687000959
674,8.427839374393457,3.908773328882298,4.519066066712187,3.2114728828674175
675,8.440522393272746,3.900005635158878,4.5405167886135915,3.214512974535247
676,8.434119836030623,3.9154860300132523,4.518633790395561,3.1926489300363334
677,8.445006782662665,3.920670149292849,4.524336648247729,3.2064850088586674
678,8.4270510666084,3.9019652625513896,4.525085818934924,3.2120448423436203
679,8.460493086280763,3.9188681489405877,4.541624942547446,3.2151086014258135
680,8.422298472310748,3.8876733973320112,4.534625069027572,3.22280912577827
681,8.436098414910566,3.8912011829441684,4.544897225271335,3.2288022193819423
682,8.426227945991315,3.914020300283447,4.512207653890719,3.19182590129037
683,8.416621961013389,3.9109365895460253,4.50568535472971,3.190201093179759
684,8.438592054542625,3.9078872549738417,4.530704799568784,3.215778083027618
685,8.439637612627003,3.9105733348501266,4.52906428409999,3.21190434238654
686,8.452015004924233,3.9161577905396032,4.535857246000198,3.2134141081394905
687,8.426321818192552,3.9199146313154007,4.506407198407535,3.1947354507892625
688,8.433791708090748,3.933465313427906,4.500326375321554,3.1807659758420517
689,8.445103650531976,3.901803951739521,4.5432996593659825,3.2229457001976214
690,8.450799937553228,3.9114736082401365,4.539326326337508,3.2219356821033402
691,8.4203521383348,3.9092098301546807,4.5111422776803956,3.207222282793518
692,8.466425424061029,3.908212213174043,4.558213226508797,3.2351984955405295
693,8.440956329964624,3.9168384510343794,4.524117852149999,3.2018030541549423
694,8.42280219162868,3.9064052863723586,4.5163968907503556,3.205332840102697
695,8.439270096896404,3.9182327541285855,4.5210373513226205,3.2010285835742205
696,8.426362358277748,3.9148975028634627,4.511464823426769,3.196302946569767
697,8.437532685290261,3.9208475074232463,4.516685189769346,3.188665452501889
698,8.454903055092846,3.92659794372999,4.5283051072714295,3.220519605925228
699,8.43648140590388,3.9006254635809365,4.53585595162164,3.2192630079718723
700,8.405822597688148,3.9136672897755447,4.492155307912603,3.179205195580183
701,8.411711755297299,3.9099088578067964,4.501802892283233,3.1865853809529274
702,8.39272813306026,3.9038588863081194,4.488869247496035,3.163062210202031
703,8.445542738701736,3.904758146140207,4.540784579171405,3.2141968318713063
704,8.447529400008703,3.920024582078788,4.527504816814072,3.2075852507176155
705,8.431345927733899,3.9311464413093886,4.500199484936719,3.180761831970929
706,8.428427035648626,3.909292886112112,4.519134156975471,3.204516726983319
707,8.430586733051841,3.906052012897319,4.524534723130105,3.2038310678812345
708,8.446383959789545,3.9179810581266787,4.528402845498738,3.2121636142224865
709,8.436812655230208,3.9269263480271266,4.50988630571529,3.1811630082390794
710,8.415622026797577,3.9104153786360194,4.505206637003121,3.1814340537126276
711,8.467504532586394,3.9222499383221177,4.545254597239859,3.228534714108138
712,8.429090995312482,3.914630265020171,4.514460742194641,3.204799149969997
713,8.426501998663321,3.9061332708587884,4.520368718133888,3.196394374329661
714,8.437765674918378,3.9147550260035,4.523010657097732,3.1972704298224723
715,8.423456364600408,3.9047876036669273,4.518668743079984,3.208880881623433
716,8.435081269179417,3.9183199171343013,4.516761364691343,3.1971896866368428
717,8.434665873344528,3.9099809368389447,4.524684945432333,3.2065663739411208
718,8.424239384030775,3.917876913097459,4.506362463494359,3.194957893835773
719,8.405314969198194,3.8980728802554507,4.507242090430535,3.198170586420854
720,8.446078898568235,3.9144275132653865,4.531651406131929,3.2073776584333635
721,8.41517519392945,3.906663467285228,4.508511747101354,3.1943449371504524
722,8.451887330101359,3.9200313600846646,4.531855982290973,3.200439204663829
723,8.440148103627697,3.902254313277008,4.537893780308097,3.2133201741949073
724,8.431255196260402,3.924826695654954,4.506428509160249,3.186738067037788
725,8.448244373065632,3.9271400194272235,4.521104349175035,3.2030563120165034
726,8.442715604666057,3.9299518716130724,4.512763746443107,3.184315313601085
727,8.443361081496787,3.921506136702301,4.521854946654226,3.1912128910445574
728,8.414532320733747,3.8979438269938025,4.516588512337338,3.2067595383678325
729,8.441066654163665,3.9225983322131652,4.51846831302375,3.1902400684803025
730,8.45492824935318,3.9312874761274936,4.5236407732256865,3.205337416177235
731,8.441784379634768,3.9389603178884234,4.502824045752586,3.1816206699972405
732,8.431190263090565,3.9168419041983236,4.514348366331198,3.194323390954742
733,8.427211937034,3.9100052566498564,4.51720666885376,3.1884466824405093
734,8.419771158007118,3.904631480039933,4.515139679454976,3.197949021915192
735,8.420500154242315,3.9152213288543747,4.505278809766129,3.189802519802742
736,8.431363287284482,3.921299502183792,4.510063762783818,3.1894181641327237
737,8.452871380655703,3.9192717867596847,4.533599591664331,3.2116699203872088
738,8.40261734145666,3.8869060807964546,4.51571123016048,3.2000254651127666
739,8.430197941159681,3.901414266428598,4.528783663572647,3.21589065899901
740,8.420376105167193,3.9079288201473434,4.512447314775678,3.1972231983952515
741,8.444954701035332,3.9121139012335244,4.532840803893234,3.219841520797444
742,8.401301985039911,3.9122238642711906,4.489078151268446,3.1804195692684276
743,8.422776827760122,3.907966952985981,4.514809880725307,3.190147020887473
744,8.43760150159577,3.932165680735048,4.505435820116825,3.188930319549513
745,8.445622569127313,3.9194328870490636,4.5261896947244775,3.2016543724607565
746,8.408263576942003,3.9074608070802017,4.50080277878855,3.182441794742102
747,8.419325115900143,3.9143598477665607,4.5049652510239815,3.191053129395531
748,8.425106771650627,3.9084169347647015,4.5166898257274894,3.2040917668811244
749,8.439406871051759,3.9137254892013003,4.525681353582421,3.2013411261548117
750,8.424723544842367,3.913779232691677,4.510944318845752,3.1957460606525916
751,8.450175252607943,3.918277943562048,4.531897341033412,3.20966990094475
752,8.420529378929674,3.910192508965312,4.510336887817859,3.19969391116114
753,8.433239898146036,3.9247559861348313,4.508483901596664,3.187341672953875
754,8.411686546902947,3.910627688706944,4.50105887084223,3.1915831097202627
755,8.444586860966199,3.9174340861077988,4.527152771882817,3.2026830470878136
756,8.435617013952104,3.922604673180305,4.513012334076737,3.198412454444421
757,8.432979910310456,3.921400208183086,4.511579679066603,3.1985555744022363
758,8.434225562954097,3.929051771922714,4.505173762763346,3.1801842274420347
759,8.441483031940907,3.924918460027662,4.516564574516879,3.200907021714447
760,8.457749829463394,3.92429077309119,4.533459044469872,3.2038368215427013
761,8.43466809759274,3.9116077876872093,4.5230603009787815,3.209047908901982
762,8.430937534933344,3.9212503336521096,4.5096872020251295,3.2036863165600997
763,8.426898373084581,3.9101973219706374,4.5167010585529015,3.1968392819956573
764,8.42945857501811,3.9154681772598052,4.513990383624287,3.1942292360731295
765,8.44270569448724,3.9105484519101528,4.532157252991627,3.195642430027264
766,8.438219766720966,3.9081458480049407,4.530073922435505,3.2133078500744707
767,8.42258057467837,3.9154583102269402,4.507122277841553,3.189691550274163
768,8.4376351137801,3.9284791139284274,4.5091559808823325,3.191481587667361
769,8.462097063823348,3.9231489682904273,4.538948094789026,3.220775118112192
770,8.416677370830184,3.9100695370511964,4.5066078397301546,3.1946646746904728
771,8.419720293393187,3.9219993086947293,4.497720999576372,3.180783051596417
772,8.432757507806263,3.92715866889299,4.5055988582545625,3.1859282777759477
773,8.42866599280823,3.9036655998825096,4.52500037730391,3.202166911034428
774,8.408196180733428,3.9177324745844753,4.490463707636746,3.174401873917364
775,8.432689538797982,3.9111361659819175,4.521553367608795,3.2016233646553505
776,8.452501621335605,3.9293103128811127,4.523191298783848,3.1918408881855456
777,8.435675231231356,3.922063691753679,4.5136115361301465,3.2017829890556158
778,8.42137260556035,3.9172822439726356,4.504090353776809,3.198038592539414
779,8.406056241944501,3.89541033538009,4.510645928881283,3.194762312491859
780,8.443376036776396,3.9236463481290107,4.519729685671802,3.201620615960655
781,8.418884695413146,3.901080849390134,4.517803851974178,3.2016350780373988
782,8.425293891180695,3.907685733622582,4.517608170948237,3.2036147020908303
783,8.424025068416983,3.9112959793316966,4.512729098012034,3.1946940474130807
784,8.440278800154998,3.934883318527626,4.505395479395683,3.1796039192241365
785,8.434325761244562,3.9292427634300195,4.505082965827025,3.1935882397263358
786,8.432752081086967,3.9157134017408732,4.5170386681876575,3.198232661171376
787,8.41696866551725,3.9173009213344914,4.4996677441827595,3.1770543910783835
788,8.422276516228496,3.915586477508783,4.506690031280756,3.1821368949461655
789,8.403520124378888,3.912153045026449,4.491367075261014,3.1793314729949427
790,8.39269718997378,3.9060700717098813,4.4866271145444205,3.1764230356201555
791,8.392812120375135,3.9045095532993073,4.488302563356349,3.171663378404567
792,8.426385192156953,3.918784812534469,4.507600369207944,3.1840743527583513
793,8.43781932021452,3.926739506714058,4.511079825402794,3.194448140779635
794,8.421620843562991,3.91156894740374,4.510051903226261,3.1994177986418775
795,8.428258671217515,3.9104601537195642,4.517798528656387,3.204771969508083
796,8.43148673529186,3.918461529959383,4.51302518933872,3.1922725552515754
797,8.45671955918001,3.929819444784322,4.526900076457007,3.2057647310813393
798,8.441827214638268,3.9324545302368734,4.509372659852835,3.196161753673821
799,8.425341960234501,3.9154565806693853,4.509885385516281,3.196687834497175
800,8.415050174814304,3.912783349360021,4.502266821362857,3.1906562740456854
801,8.413133161488263,3.9078728535245992,4.505260315030673,3.180203978617366
802,8.418510071015023,3.9236411810293212,4.49486890077219,3.1799543145666256
803,8.398076230017889,3.890227837049273,4.507848391480826,3.1884120793870756
804,8.448004108137347,3.911281682399803,4.536722408627943,3.227851414643286
805,8.41133072000584,3.9121968571369807,4.499133853198214,3.184288439996157
806,8.405851884862749,3.8895607195480753,4.516291169034152,3.190334342385231
807,8.423010839500963,3.897926751983333,4.525084094584639,3.203414282449136
808,8.403351678119249,3.9188844603420976,4.484467215545464,3.1714351880197036
809,8.42912914154124,3.9232230082317003,4.505906125870584,3.1941202107160214
810,8.440775436841754,3.9188511107529567,4.521924296332968,3.2144070735401744
811,8.424274295800934,3.9164498562745855,4.5078244164655805,3.194354125750418
812,8.410214871958527,3.894959989836361,4.515254911134098,3.1966366113255065
813,8.440919719880531,3.9203329261119206,4.520586791908872,3.2057041065555283
814,8.445466489390167,3.920930384845704,4.52453612760523,3.2100938069467055
815,8.444747231493874,3.9280285887338815,4.516718643503888,3.202276630818193
816,8.42441201916723,3.9164123445888763,4.507999658584595,3.1910181938207094
817,8.412293431167484,3.90780301994169,4.504490400811253,3.1855476862182854
818,8.414001375576264,3.917151217527583,4.496850146146349,3.1845773333878302
819,8.446188501188423,3.9237193101653816,4.522469228217829,3.202195977643946
820,8.425914557601287,3.925695365007136,4.500219184783245,3.1794472678031265
821,8.423739412459494,3.918944497934184,4.50479488848896,3.1954750717151184
822,8.446869183628124,3.910619924667287,4.536249265655899,3.208299226954277
823,8.412791896349926,3.902439176199403,4.510352713083514,3.1891121302677576
824,8.42121639415366,3.923326905915592,4.497889485262485,3.175909765425041
825,8.409072727197419,3.9109990280615556,4.49807368202626,3.18231588481183
826,8.403532785484089,3.915873260468291,4.487659514601257,3.1705588840657204
827,8.444704981192412,3.926943463207965,4.517761509429646,3.1947888483681286
828,8.428173321829572,3.9096830021386584,4.518490308532477,3.1988740458317366
829,8.426437123517351,3.9197927339586562,4.506644394022068,3.196679641229686
830,8.405876524176874,3.905854038440865,4.5000224946627565,3.1892540257732134
831,8.441889881901734,3.925398848172097,4.5164910277784704,3.1964666988473973
832,8.429901942819962,3.918492252480779,4.51140969777814,3.1882618109633136
833,8.431989503167163,3.9226723171061546,4.509317171926989,3.1896399551546333
834,8.423592408250164,3.917190370247256,4.506402028332262,3.194374828368379
835,8.397507398251252,3.9056339397817244,4.491873484505878,3.173218366322391
836,8.417884704661258,3.913171088267786,4.50471360449114,3.189251476442572
837,8.436051251177854,3.907618846982578,4.528432384110092,3.212355165139375
838,8.408702146616443,3.9089443769172276,4.499757755565197,3.1903346094437954
839,8.453716309319793,3.926672517044496,4.527043788927766,3.2041062270981286
840,8.43424600967193,3.934525618129141,4.499720388939154,3.18735893654191
841,8.430890842086626,3.9252090844646816,4.505681753530517,3.1881459633385334
842,8.425744250114548,3.928380983668073,4.497363275745172,3.1848676822114848
843,8.40229226795262,3.923025121182994,4.479267154580532,3.1642647857041144
844,8.403232949386334,3.90451780161508,4.49871516785644,3.18919162594026
845,8.393122054113427,3.9040053136263175,4.489116721517768,3.175616917483706
846,8.414846240265321,3.903093678716936,4.51175257977383,3.1858845608840682
847,8.412291885352172,3.917302306468327,4.494989562518139,3.171733675434511
848,8.422313561491586,3.905042350013245,4.517271214453925,3.198564642863043
849,8.422427358939755,3.9100509731334383,4.512376389525796,3.183567092124832
850,8.430133422339763,3.9083103925315155,4.521823005259688,3.210400100059331
851,8.400274798948196,3.9039964475051474,4.496278369296546,3.1801274146379064
852,8.430285150286933,3.916211766497393,4.514073388252913,3.1972542411637566
853,8.396959577075405,3.9015385528064557,4.495421033195698,3.1788635186955636
854,8.425330176926254,3.8993941737039597,4.525935998015024,3.202784833595645
855,8.418357840194345,3.9181801941763035,4.500177652341155,3.1754276808264104
856,8.40612017680628,3.9092633787443782,4.496856828561625,3.1862754888727958
857,8.429464594622297,3.9149042596683117,4.5145603371856735,3.1991285206561155
858,8.393261335197366,3.90013520951948,4.493126093318422,3.1820288295864874
859,8.434004651216933,3.9146264718958816,4.519378184528321,3.1970369574060307
860,8.421562554125853,3.9247470214474776,4.496815532678375,3.187882468778518
861,8.409141152213776,3.914330147729835,4.4948110082034205,3.180912384562857
862,8.430594442787111,3.94117012336362,4.489424323886865,3.182853446921767
863,8.420482568547431,3.894045178492244,4.526437364390786,3.2124664184641727
864,8.401525060025838,3.8933666968680396,4.508158354974946,3.195965293045163
865,8.40787524998467,3.9101956541564276,4.4976796069866785,3.1847997358920237
866,8.444417060816344,3.9308067636445236,4.513610301263247,3.1908759308307664
867,8.453040520226155,3.933745567214656,4.519294962682144,3.1969172389198577
868,8.403739441203625,3.9080697333384973,4.49566971604798,3.1836646800852044
869,8.41429210341479,3.9125738828304963,4.501718218352605,3.189273423226129
870,8.417311303887091,3.9057797347885583,4.511531595506832,3.1901663967674123
871,8.428822201983234,3.916163299459377,4.512658898060482,3.201337443870985
872,8.401800460636895,3.9066607070601487,4.495139746137789,3.182882169479513
873,8.429777236141021,3.9011491687733,4.528628056209285,3.207527091834177
874,8.409693806480133,3.924195363257493,4.48549847818574,3.172588972517183
875,8.401124036256311,3.9071370041500573,4.493987052935334,3.1773455466569493
876,8.43546951282043,3.920653238311387,4.514816284923583,3.196486859909272
877,8.421729260413397,3.9175378513782517,4.504191417961894,3.187825150497246
878,8.40770256203162,3.912798285670288,4.494904279708862,3.170341437394831
879,8.439520340441913,3.9315689089889645,4.507951435172427,3.185899073173773
880,8.420266163330554,3.921641203245023,4.498624959341635,3.1778163887595237
881,8.391617761573256,3.895837428975217,4.495780333341934,3.1818738333334604
882,8.414597505340339,3.914444029982116,4.500153457132777,3.1801979567814915
883,8.404555542420672,3.9135963701048806,4.490959165248782,3.177889280869697
884,8.438665096919733,3.926798493925383,4.511866586628645,3.1903009481623466
885,8.4373134770743,3.9318874488568714,4.50542602449795,3.186297032464871
886,8.426647180328132,3.918706291365363,4.5079408897066635,3.1830076821694693
887,8.402501801060811,3.9150400470459887,4.487461776703642,3.1703594433907973
888,8.428385873666606,3.909044760437726,4.519341115460567,3.192782201558677
889,8.39391130515826,3.9025239312146645,4.491387388077615,3.1800268801065763
890,8.39337075928258,3.9197101953807003,4.473660582127326,3.16775061820115
891,8.444620464223782,3.918952205065818,4.525668266968869,3.1988921172905265
892,8.422586299699852,3.9152780010622115,4.507308315003346,3.1912058954491815
893,8.385532087543268,3.905086601394201,4.480445472015048,3.1630128564403135
894,8.400790586486435,3.9108150410763747,4.489975542434478,3.1736303309382587
895,8.425007604399635,3.92412396860941,4.500883618680624,3.185695667534648
896,8.406907611257758,3.9059877901478974,4.500919821109861,3.192552987573299
897,8.423174968189828,3.919542012460146,4.503632953126047,3.190025203127571
898,8.40024802762893,3.902440589229328,4.497807430588697,3.1833738261563544
899,8.419155288226147,3.9162354744540733,4.502919781040662,3.1873185753636353
900,8.411297313136727,3.906716412947442,4.5045808875430575,3.184614589173411
901,8.439166018445853,3.9338482549521556,4.505317777255768,3.1881865249967056
902,8.414321445637672,3.9024980451313085,4.511823377817544,3.188967517311227
903,8.378694714324523,3.900390638390123,4.478304079653879,3.1484359266605466
904,8.41265440805468,3.920201851313646,4.492452573850635,3.170870212608492
905,8.437093874593607,3.920566408570955,4.516527445193572,3.190039483693758
906,8.40907352316584,3.909497894846519,4.499575647660611,3.1714268504364442
907,8.376569687669251,3.9034755308059004,4.473094152399977,3.155659256040957
908,8.403585276254068,3.9134381155885882,4.490147157317948,3.174209158803669
909,8.390584097637587,3.912358484848427,4.4782256098135775,3.172726692164
910,8.427888179904027,3.919282277177165,4.508605910909715,3.190457882635679
911,8.415281780796379,3.9204713483682476,4.4948103996967195,3.178332810840815
912,8.428531680947719,3.9090789052513943,4.519452766769576,3.200515568535339
913,8.435547125692858,3.9375183545111123,4.4980287696939545,3.191894061107903
914,8.413654901680076,3.90149359174898,4.5121612879861726,3.1993179633725264
915,8.406599263505147,3.913743367247202,4.492855903696903,3.1795364850768806
916,8.390535092762963,3.9126980896115118,4.477837014309888,3.1685021269526015
917,8.417634022217273,3.9348430942261645,4.482790933570326,3.1758717869447657
918,8.401399170552699,3.892532858945278,4.508866313839108,3.1913388894984207
919,8.419596886300074,3.9262805286324154,4.493316332747152,3.171215941865061
920,8.433077804755866,3.9299164298172116,4.503161362664376,3.188762839238469
921,8.410470824159809,3.920904203435746,4.489566601382775,3.175026637715594
922,8.430379877968251,3.9317157949188757,4.498664077098209,3.1756940944332412
923,8.418915326063422,3.9134102128039285,4.505505116235075,3.1757264524093842
924,8.398535700186553,3.9080967014181818,4.490438972360073,3.17188201568056
925,8.433479977844286,3.92556728699278,4.507912700522151,3.18568883931581
926,8.414263130164183,3.910615039876024,4.503648108513604,3.1977219224534057
927,8.42475610813373,3.91963287151176,4.5051232343902825,3.188067132708807
928,8.397754475776566,3.8959981740543883,4.5017562812650445,3.1727750974586715
929,8.429329271063605,3.9232388126682753,4.506090450212476,3.1875397575068956
930,8.39671157116823,3.911718695100496,4.48499285077528,3.176959339802425
931,8.397892181289363,3.9041919083379546,4.493700296756072,3.168049381229323
932,8.438785096226542,3.922375417164819,4.5164096812934105,3.1856887016951014
933,8.396228440652214,3.9047807709847153,4.49144765553348,3.1769716847519422
934,8.42086524933623,3.913749036848452,4.5071162083963525,3.190373734639327
935,8.381583730069783,3.9143104560661612,4.467273284418162,3.1488715653858392
936,8.419991246251717,3.9351777346011443,4.484813529504071,3.16785679629738
937,8.412789627467973,3.9097608344603256,4.50302879598323,3.1747564547891365
938,8.40952240100331,3.897006638894401,4.512515752438264,3.2006683264061366
939,8.42561277398453,3.9194268793472076,4.5061858782716175,3.186760751765901
940,8.397253087083932,3.915074895213063,4.482178191126974,3.175001174908904
941,8.405545539677423,3.909156438526981,4.4963890661873425,3.1824613606873986
942,8.417100736763846,3.9279017682752446,4.489198971092236,3.1650253227460032
943,8.409217604608878,3.9098946653922524,4.499322935497147,3.180268603070478
944,8.420943078682315,3.9204593106476637,4.500483755388424,3.179213663717142
945,8.393733503666013,3.9115065483146823,4.482226944564843,3.1663925874623793
946,8.398530948180676,3.895363276536677,4.503167647095441,3.188176846913354
947,8.42709319193538,3.9233139513435304,4.50377921269576,3.1940529528720516
948,8.380218638272813,3.8890453452439093,4.491173284474104,3.183724082762291
949,8.39326560218323,3.9147430976355877,4.478522474047918,3.1661106394531204
950,8.413300632500611,3.918116100864738,4.495184517501855,3.173206479984587
951,8.380250451717288,3.9011600460165563,4.47909040421294,3.1560723948962233
952,8.437503951574078,3.927865279074206,4.509638684402204,3.1965079344750937
953,8.391559429734063,3.9129018486011047,4.47865757890127,3.1661121882440146
954,8.40003892895584,3.913538133856287,4.486500800306823,3.1747601493472426
955,8.40254461225965,3.9212732783717783,4.481271360296169,3.1731040377326765
956,8.382123423440966,3.9034182869142007,4.478705117557425,3.1629983196020497
957,8.41964263142364,3.92130133737454,4.498341291817414,3.1880320141356373
958,8.365769780556237,3.8863743716580634,4.4793954252638795,3.1628412969770743
959,8.43345213010791,3.9112005003156973,4.522251640950648,3.204384430708268
960,8.410517084059217,3.927265267662251,4.4832518268115065,3.164717167662384
961,8.411617298394024,3.9264621507730944,4.485155151712355,3.169720602109912
962,8.39920464395175,3.897334107370719,4.501870551830893,3.1828200136443567
963,8.405184955567169,3.918602562917748,4.486582376655662,3.166988665897649
964,8.404825337033563,3.920904686967966,4.483920673126364,3.184177002929116
965,8.410265049212809,3.901764758105583,4.50850030598514,3.1972608949390477
966,8.396780226792263,3.9060154507944995,4.490764768186858,3.1767508779040736
967,8.422434332218259,3.9300161866055636,4.492418155283341,3.179489001097062
968,8.390140081158666,3.911249747328379,4.478890352799628,3.1673614513855455
969,8.390939810718649,3.9184080635701624,4.472531741941217,3.1470618314936454
970,8.425169269305867,3.9241905350023054,4.5009787406266755,3.1898462363226736
971,8.415584976327215,3.920485778457475,4.495099157699371,3.1818176814806813
972,8.428589026381184,3.9097703801302384,4.518818661500808,3.1903480512675553
973,8.420946393481655,3.9276833247840868,4.493263036338104,3.1802836796050884
974,8.399707196841188,3.91507562274308,4.4846315785614825,3.1663046258846053
975,8.395298995019493,3.9033307660946424,4.491968248638088,3.183990598654784
976,8.402926250106646,3.929883687990876,4.4730425528170725,3.1594862573418343
977,8.407519648487966,3.9262199468806083,4.4812997246681245,3.1626432254422285
978,8.416121612286977,3.925241921137722,4.490879685941985,3.172907115144774
979,8.404485451077894,3.9321611719830734,4.47232426719249,3.164601850435254
980,8.396282373092104,3.9095317547481256,4.486750581893088,3.1637916706281595
981,8.423948488815713,3.924137301452446,4.499811173973143,3.182447893943132
982,8.407717703285158,3.9243226438156342,4.483395051286671,3.1696534558503004
983,8.395676245369517,3.9080735822549664,4.487602683943631,3.175925387979112
984,8.413763260506617,3.914676137349907,4.499087137290728,3.1789637582722396
985,8.406442064948834,3.9084796511252846,4.497962422750297,3.1814869740823872
986,8.392991900630005,3.907673504720798,4.485318392189728,3.167035669692779
987,8.417212370219357,3.9229718935843003,4.494240475891161,3.1829344143919567
988,8.411559384624224,3.905873393863672,4.5056859922483445,3.1895371725704296
989,8.396646556169864,3.9170423535958467,4.479604218939723,3.161406714161175
990,8.387664781531752,3.894098270329968,4.493566499671401,3.185402117355751
991,8.415077919149176,3.9278813620997295,4.487196553329968,3.169202777413236
992,8.425934593688678,3.915213126660137,4.510721467772438,3.196196843607005
993,8.388212223320782,3.912358809186962,4.475853385865781,3.15548980924157
994,8.390839658549721,3.9200112321261495,4.470828422332144,3.1494156324919227
995,8.381285585590904,3.9097124633848575,4.471573112535403,3.159644858513533
996,8.412332899298944,3.918945162233064,4.493387742273149,3.17937799028227
997,8.392869935950698,3.9052493933024532,4.487620531489808,3.1700520344345877
998,8.432549408185128,3.924940940184452,4.50760846056172,3.1874800375582835
999,8.407842542377537,3.9196691215503234,4.4881734267783795,3.163508836267147
